{
	"variables": [],
	"info": {
		"name": "192.168.99.100-projectmanagerbackend-CREATE DUMP",
		"_postman_id": "b7d4db5a-8412-f863-cefd-86963da194c8",
		"description": "",
		"schema": "https://schema.getpostman.com/json/collection/v2.0.0/collection.json"
	},
	"item": [
		{
			"name": "user/dump CREATE DUMP",
			"event": [
				{
					"listen": "prerequest",
					"script": {
						"type": "text/javascript",
						"exec": [
							"// For Cloud Testing",
							"// var apiUrl = \"\";",
							"",
							"//For Local Machine Testing",
							"var domain = \"192.168.99.100\";",
							"var port = \"8080\";",
							"var appContext = \"projectmanagerbackend\";",
							"var apiUrl = \"http://\" + domain + \":\" + port +\"/\" + appContext + \"/\";",
							"",
							"",
							"postman.setEnvironmentVariable(\"baseurl\", apiUrl);"
						]
					}
				}
			],
			"request": {
				"url": "{{baseurl}}user/dump",
				"method": "GET",
				"header": [],
				"body": {
					"mode": "raw",
					"raw": ""
				},
				"description": ""
			},
			"response": []
		},
		{
			"name": "parent/dump CREATE DUMP",
			"event": [
				{
					"listen": "prerequest",
					"script": {
						"type": "text/javascript",
						"exec": [
							"// For Cloud Testing",
							"// var apiUrl = \"\";",
							"",
							"//For Local Machine Testing",
							"var domain = \"192.168.99.100\";",
							"var port = \"8080\";",
							"var appContext = \"projectmanagerbackend\";",
							"var apiUrl = \"http://\" + domain + \":\" + port +\"/\" + appContext + \"/\";",
							"",
							"",
							"postman.setEnvironmentVariable(\"baseurl\", apiUrl);"
						]
					}
				}
			],
			"request": {
				"url": "{{baseurl}}parent/dump",
				"method": "GET",
				"header": [],
				"body": {
					"mode": "raw",
					"raw": ""
				},
				"description": ""
			},
			"response": []
		},
		{
			"name": "project/dump CREATE DUMP",
			"event": [
				{
					"listen": "prerequest",
					"script": {
						"type": "text/javascript",
						"exec": [
							"// For Cloud Testing",
							"// var apiUrl = \"\";",
							"",
							"//For Local Machine Testing",
							"var domain = \"192.168.99.100\";",
							"var port = \"8080\";",
							"var appContext = \"projectmanagerbackend\";",
							"var apiUrl = \"http://\" + domain + \":\" + port +\"/\" + appContext + \"/\";",
							"",
							"",
							"postman.setEnvironmentVariable(\"baseurl\", apiUrl);"
						]
					}
				}
			],
			"request": {
				"url": "{{baseurl}}project/dump",
				"method": "GET",
				"header": [],
				"body": {
					"mode": "raw",
					"raw": ""
				},
				"description": ""
			},
			"response": []
		},
		{
			"name": "task/dump CREATE DUMP",
			"event": [
				{
					"listen": "prerequest",
					"script": {
						"type": "text/javascript",
						"exec": [
							"// For Cloud Testing",
							"// var apiUrl = \"\";",
							"",
							"//For Local Machine Testing",
							"var domain = \"192.168.99.100\";",
							"var port = \"8080\";",
							"var appContext = \"projectmanagerbackend\";",
							"var apiUrl = \"http://\" + domain + \":\" + port +\"/\" + appContext + \"/\";",
							"",
							"",
							"postman.setEnvironmentVariable(\"baseurl\", apiUrl);"
						]
					}
				}
			],
			"request": {
				"url": "{{baseurl}}task/dump",
				"method": "GET",
				"header": [],
				"body": {
					"mode": "raw",
					"raw": ""
				},
				"description": ""
			},
			"response": []
		}
	]
}